the.frontb,man.orch,all.get.out,feature
Out of Range,Within Range,Within Range,danceability
Out of Range,Within Range,Outlying,spectral_skewness
Out of Range,Within Range,Out of Range,melbands_spread
Out of Range,Within Range,Out of Range,erbbands_skewness
Out of Range,Within Range,Outlying,dissonance
Outlying,Within Range,Outlying,average_loudness
Out of Range,Within Range,Outlying,chords_strength
Outlying,Within Range,Within Range,power
Within Range,Within Range,Out of Range,Cognition
Out of Range,Within Range,Out of Range,Perception
